slice_file_name,fsID,start,end,salience,fold,classID,class
103074-7-0-0.wav,103074,3.341279,7.341279,1,1,0,jackhammer
103074-7-0-1.wav,103074,3.841279,7.841279,1,1,0,jackhammer
103074-7-0-2.wav,103074,4.341279,8.341279,1,1,0,jackhammer
103074-7-1-0.wav,103074,22.517317,26.517317,1,1,0,jackhammer
103074-7-1-1.wav,103074,23.017317,27.017317,1,1,0,jackhammer
103074-7-1-2.wav,103074,23.517317,27.517317,1,1,0,jackhammer
103074-7-1-3.wav,103074,24.017317,28.017317,1,1,0,jackhammer
103074-7-1-4.wav,103074,24.517317,28.517317,1,1,0,jackhammer
103074-7-1-5.wav,103074,25.017317,29.017317,1,1,0,jackhammer
103074-7-1-6.wav,103074,25.517317,29.517317,1,1,0,jackhammer
103074-7-2-0.wav,103074,42.347083,43.727176,1,1,0,jackhammer
103074-7-3-0.wav,103074,46.632637,50.632637,1,1,0,jackhammer
103074-7-3-1.wav,103074,47.132637,51.132637,1,1,0,jackhammer
103074-7-3-2.wav,103074,47.632637,51.632637,1,1,0,jackhammer
103074-7-3-3.wav,103074,48.132637,52.132637,1,1,0,jackhammer
103074-7-4-0.wav,103074,60.651482,64.651482,1,1,0,jackhammer
103074-7-4-1.wav,103074,61.151482,65.151482,1,1,0,jackhammer
103074-7-4-2.wav,103074,61.651482,65.651482,1,1,0,jackhammer
103074-7-4-3.wav,103074,62.151482,66.151482,1,1,0,jackhammer
103074-7-4-4.wav,103074,62.651482,66.651482,1,1,0,jackhammer
103074-7-4-5.wav,103074,63.151482,67.151482,1,1,0,jackhammer
103074-7-4-6.wav,103074,63.651482,67.651482,1,1,0,jackhammer
104998-7-0-5.wav,104998,18.872926,22.872926,1,5,0,jackhammer
104998-7-10-1.wav,104998,260.47552,264.47552,1,5,0,jackhammer
104998-7-10-10.wav,104998,264.97552,268.97552,1,5,0,jackhammer
104998-7-10-13.wav,104998,266.47552,270.47552,1,5,0,jackhammer
104998-7-10-15.wav,104998,267.47552,271.47552,1,5,0,jackhammer
104998-7-10-8.wav,104998,263.97552,267.97552,1,5,0,jackhammer
104998-7-10-9.wav,104998,264.47552,268.47552,1,5,0,jackhammer
104998-7-11-0.wav,104998,297.367744,301.367744,1,5,0,jackhammer
104998-7-11-2.wav,104998,298.367744,302.367744,1,5,0,jackhammer
104998-7-12-2.wav,104998,322.263366,326.263366,1,5,0,jackhammer
104998-7-14-1.wav,104998,352.960429,356.960429,1,5,0,jackhammer
104998-7-14-5.wav,104998,354.960429,358.960429,1,5,0,jackhammer
104998-7-14-6.wav,104998,355.460429,359.460429,1,5,0,jackhammer
104998-7-15-1.wav,104998,380.838655,384.838655,1,5,0,jackhammer
104998-7-15-3.wav,104998,381.838655,385.838655,1,5,0,jackhammer
104998-7-15-5.wav,104998,382.838655,386.838655,1,5,0,jackhammer
104998-7-15-9.wav,104998,384.838655,388.838655,1,5,0,jackhammer
104998-7-16-0.wav,104998,422.155994,426.155994,1,5,0,jackhammer
104998-7-16-10.wav,104998,427.155994,431.155994,1,5,0,jackhammer
104998-7-16-11.wav,104998,427.655994,431.655994,1,5,0,jackhammer
104998-7-16-5.wav,104998,424.655994,428.655994,1,5,0,jackhammer
104998-7-16-6.wav,104998,425.155994,429.155994,1,5,0,jackhammer
104998-7-16-7.wav,104998,425.655994,429.655994,1,5,0,jackhammer
104998-7-17-0.wav,104998,456.008125,460.008125,1,5,0,jackhammer
104998-7-17-1.wav,104998,456.508125,460.508125,1,5,0,jackhammer
104998-7-17-12.wav,104998,462.008125,466.008125,1,5,0,jackhammer
104998-7-17-14.wav,104998,463.008125,467.008125,1,5,0,jackhammer
104998-7-17-4.wav,104998,458.008125,462.008125,1,5,0,jackhammer
104998-7-17-7.wav,104998,459.508125,463.508125,1,5,0,jackhammer
104998-7-17-8.wav,104998,460.008125,464.008125,1,5,0,jackhammer
104998-7-18-12.wav,104998,501.391651,505.391651,1,5,0,jackhammer
104998-7-18-13.wav,104998,501.891651,505.891651,1,5,0,jackhammer
104998-7-18-3.wav,104998,496.891651,500.891651,1,5,0,jackhammer
104998-7-18-9.wav,104998,499.891651,503.891651,1,5,0,jackhammer
104998-7-19-0.wav,104998,530.128805,534.128805,1,5,0,jackhammer
104998-7-19-3.wav,104998,531.628805,535.628805,1,5,0,jackhammer
104998-7-19-6.wav,104998,533.128805,537.128805,1,5,0,jackhammer
104998-7-19-7.wav,104998,533.628805,537.628805,1,5,0,jackhammer
104998-7-19-8.wav,104998,534.128805,538.128805,1,5,0,jackhammer
104998-7-19-9.wav,104998,534.628805,538.628805,1,5,0,jackhammer
104998-7-2-4.wav,104998,62.402823,66.402823,1,5,0,jackhammer
104998-7-2-5.wav,104998,62.902823,66.902823,1,5,0,jackhammer
104998-7-2-6.wav,104998,63.402823,67.402823,1,5,0,jackhammer
104998-7-3-1.wav,104998,84.134678,88.134678,1,5,0,jackhammer
104998-7-7-0.wav,104998,141.824943,145.824943,1,5,0,jackhammer
104998-7-7-1.wav,104998,142.324943,146.324943,1,5,0,jackhammer
104998-7-7-4.wav,104998,143.824943,147.824943,1,5,0,jackhammer
104998-7-7-7.wav,104998,145.324943,149.324943,1,5,0,jackhammer
104998-7-7-9.wav,104998,146.324943,150.324943,1,5,0,jackhammer
104998-7-8-13.wav,104998,178.194471,182.194471,1,5,0,jackhammer
104998-7-8-14.wav,104998,178.694471,182.694471,1,5,0,jackhammer
104998-7-8-15.wav,104998,179.194471,183.194471,1,5,0,jackhammer
104998-7-8-17.wav,104998,180.194471,184.194471,1,5,0,jackhammer
104998-7-8-4.wav,104998,173.694471,177.694471,1,5,0,jackhammer
104998-7-8-6.wav,104998,174.694471,178.694471,1,5,0,jackhammer
104998-7-8-7.wav,104998,175.194471,179.194471,1,5,0,jackhammer
104998-7-9-0.wav,104998,221.698273,225.698273,1,5,0,jackhammer
104998-7-9-13.wav,104998,228.198273,232.198273,1,5,0,jackhammer
104998-7-9-9.wav,104998,226.198273,230.198273,1,5,0,jackhammer
105029-7-0-0.wav,105029,11.426527,15.426527,1,9,0,jackhammer
105029-7-0-1.wav,105029,11.926527,15.926527,1,9,0,jackhammer
105029-7-0-2.wav,105029,12.426527,16.426527,1,9,0,jackhammer
105029-7-0-3.wav,105029,12.926527,16.926527,1,9,0,jackhammer
105029-7-0-4.wav,105029,13.426527,17.426527,1,9,0,jackhammer
105029-7-0-5.wav,105029,13.926527,17.926527,1,9,0,jackhammer
105029-7-0-6.wav,105029,14.426527,18.426527,1,9,0,jackhammer
105029-7-1-0.wav,105029,37.757219,41.757219,1,9,0,jackhammer
105029-7-1-1.wav,105029,38.257219,42.257219,1,9,0,jackhammer
105029-7-1-10.wav,105029,42.757219,46.757219,1,9,0,jackhammer
105029-7-1-11.wav,105029,43.257219,47.257219,1,9,0,jackhammer
105029-7-1-12.wav,105029,43.757219,47.757219,1,9,0,jackhammer
105029-7-1-13.wav,105029,44.257219,48.257219,1,9,0,jackhammer
105029-7-1-2.wav,105029,38.757219,42.757219,1,9,0,jackhammer
105029-7-1-3.wav,105029,39.257219,43.257219,1,9,0,jackhammer
105029-7-1-4.wav,105029,39.757219,43.757219,1,9,0,jackhammer
105029-7-1-5.wav,105029,40.257219,44.257219,1,9,0,jackhammer
105029-7-1-6.wav,105029,40.757219,44.757219,1,9,0,jackhammer
105029-7-1-7.wav,105029,41.257219,45.257219,1,9,0,jackhammer
105029-7-1-8.wav,105029,41.757219,45.757219,1,9,0,jackhammer
105029-7-1-9.wav,105029,42.257219,46.257219,1,9,0,jackhammer
105029-7-2-0.wav,105029,73.527216,77.527216,1,9,0,jackhammer
105029-7-2-1.wav,105029,74.027216,78.027216,1,9,0,jackhammer
105029-7-2-10.wav,105029,78.527216,82.527216,1,9,0,jackhammer
105029-7-2-11.wav,105029,79.027216,83.027216,1,9,0,jackhammer
105029-7-2-12.wav,105029,79.527216,83.527216,1,9,0,jackhammer
105029-7-2-13.wav,105029,80.027216,84.027216,1,9,0,jackhammer
105029-7-2-14.wav,105029,80.527216,84.527216,1,9,0,jackhammer
105029-7-2-15.wav,105029,81.027216,85.027216,1,9,0,jackhammer
105029-7-2-16.wav,105029,81.527216,85.527216,1,9,0,jackhammer
105029-7-2-2.wav,105029,74.527216,78.527216,1,9,0,jackhammer
105029-7-2-3.wav,105029,75.027216,79.027216,1,9,0,jackhammer
105029-7-2-4.wav,105029,75.527216,79.527216,1,9,0,jackhammer
105029-7-2-5.wav,105029,76.027216,80.027216,1,9,0,jackhammer
105029-7-2-6.wav,105029,76.527216,80.527216,1,9,0,jackhammer
105029-7-2-7.wav,105029,77.027216,81.027216,1,9,0,jackhammer
105029-7-2-8.wav,105029,77.527216,81.527216,1,9,0,jackhammer
105029-7-2-9.wav,105029,78.027216,82.027216,1,9,0,jackhammer
105029-7-3-0.wav,105029,111.036033,115.036033,1,9,0,jackhammer
105029-7-3-1.wav,105029,111.536033,115.536033,1,9,0,jackhammer
105029-7-3-2.wav,105029,112.036033,116.036033,1,9,0,jackhammer
105029-7-3-3.wav,105029,112.536033,116.536033,1,9,0,jackhammer
105029-7-3-4.wav,105029,113.036033,117.036033,1,9,0,jackhammer
105029-7-3-5.wav,105029,113.536033,117.536033,1,9,0,jackhammer
105029-7-3-6.wav,105029,114.036033,118.036033,1,9,0,jackhammer
105029-7-3-7.wav,105029,114.536033,118.536033,1,9,0,jackhammer
105029-7-4-0.wav,105029,134.758496,138.758496,1,9,0,jackhammer
105029-7-4-1.wav,105029,135.258496,139.258496,1,9,0,jackhammer
105029-7-4-2.wav,105029,135.758496,139.758496,1,9,0,jackhammer
105029-7-4-3.wav,105029,136.258496,140.258496,1,9,0,jackhammer
110621-7-0-0.wav,110621,0,4,1,4,0,jackhammer
110621-7-0-1.wav,110621,0.5,4.5,1,4,0,jackhammer
110621-7-0-2.wav,110621,1,5,1,4,0,jackhammer
110621-7-0-3.wav,110621,1.5,5.5,1,4,0,jackhammer
119809-7-0-0.wav,119809,0.467382,4.467382,2,9,0,jackhammer
119809-7-0-1.wav,119809,0.967382,4.967382,2,9,0,jackhammer
119809-7-0-2.wav,119809,1.467382,5.467382,2,9,0,jackhammer
119809-7-0-3.wav,119809,1.967382,5.967382,2,9,0,jackhammer
119809-7-0-4.wav,119809,2.467382,6.467382,2,9,0,jackhammer
119809-7-0-5.wav,119809,2.967382,6.967382,2,9,0,jackhammer
119809-7-0-6.wav,119809,3.467382,7.467382,2,9,0,jackhammer
125678-7-0-0.wav,125678,1.880164,5.880164,1,8,0,jackhammer
125678-7-0-1.wav,125678,2.380164,6.380164,1,8,0,jackhammer
125678-7-0-2.wav,125678,2.880164,6.880164,1,8,0,jackhammer
125678-7-0-3.wav,125678,3.380164,7.380164,1,8,0,jackhammer
125678-7-0-4.wav,125678,3.880164,7.880164,1,8,0,jackhammer
125678-7-0-5.wav,125678,4.380164,8.380164,1,8,0,jackhammer
125678-7-0-6.wav,125678,4.880164,8.880164,1,8,0,jackhammer
125678-7-0-7.wav,125678,5.380164,9.380164,1,8,0,jackhammer
125678-7-0-8.wav,125678,5.880164,9.880164,1,8,0,jackhammer
125678-7-0-9.wav,125678,6.380164,10.380164,1,8,0,jackhammer
125678-7-1-0.wav,125678,26.949021,30.949021,1,8,0,jackhammer
125678-7-1-1.wav,125678,27.449021,31.449021,1,8,0,jackhammer
125678-7-1-2.wav,125678,27.949021,31.949021,1,8,0,jackhammer
125678-7-1-3.wav,125678,28.449021,32.449021,1,8,0,jackhammer
125678-7-1-4.wav,125678,28.949021,32.949021,1,8,0,jackhammer
125678-7-1-5.wav,125678,29.449021,33.449021,1,8,0,jackhammer
125678-7-1-6.wav,125678,29.949021,33.949021,1,8,0,jackhammer
125678-7-1-7.wav,125678,30.449021,34.449021,1,8,0,jackhammer
125678-7-1-8.wav,125678,30.949021,34.949021,1,8,0,jackhammer
125678-7-2-0.wav,125678,50.346621,54.346621,1,8,0,jackhammer
125678-7-2-1.wav,125678,50.846621,54.846621,1,8,0,jackhammer
125678-7-2-2.wav,125678,51.346621,55.346621,1,8,0,jackhammer
125678-7-2-3.wav,125678,51.846621,55.846621,1,8,0,jackhammer
125678-7-2-4.wav,125678,52.346621,56.346621,1,8,0,jackhammer
125678-7-2-5.wav,125678,52.846621,56.846621,1,8,0,jackhammer
125678-7-2-6.wav,125678,53.346621,57.346621,1,8,0,jackhammer
125678-7-2-7.wav,125678,53.846621,57.846621,1,8,0,jackhammer
125678-7-2-8.wav,125678,54.346621,58.346621,1,8,0,jackhammer
125678-7-3-0.wav,125678,72.177418,76.177418,1,8,0,jackhammer
125678-7-3-1.wav,125678,72.677418,76.677418,1,8,0,jackhammer
125678-7-3-2.wav,125678,73.177418,77.177418,1,8,0,jackhammer
125678-7-3-3.wav,125678,73.677418,77.677418,1,8,0,jackhammer
125678-7-3-4.wav,125678,74.177418,78.177418,1,8,0,jackhammer
125678-7-3-5.wav,125678,74.677418,78.677418,1,8,0,jackhammer
125678-7-3-6.wav,125678,75.177418,79.177418,1,8,0,jackhammer
125678-7-3-7.wav,125678,75.677418,79.677418,1,8,0,jackhammer
125678-7-4-0.wav,125678,94.843843,98.843843,1,8,0,jackhammer
125678-7-4-1.wav,125678,95.343843,99.343843,1,8,0,jackhammer
125678-7-4-2.wav,125678,95.843843,99.843843,1,8,0,jackhammer
125678-7-4-3.wav,125678,96.343843,100.343843,1,8,0,jackhammer
125678-7-4-4.wav,125678,96.843843,100.843843,1,8,0,jackhammer
125678-7-4-5.wav,125678,97.343843,101.343843,1,8,0,jackhammer
125678-7-4-6.wav,125678,97.843843,101.843843,1,8,0,jackhammer
125678-7-4-7.wav,125678,98.343843,102.343843,1,8,0,jackhammer
125678-7-4-8.wav,125678,98.843843,102.843843,1,8,0,jackhammer
131918-7-0-0.wav,131918,1.178821,5.178821,1,6,0,jackhammer
131918-7-0-1.wav,131918,1.678821,5.678821,1,6,0,jackhammer
131918-7-0-2.wav,131918,2.178821,6.178821,1,6,0,jackhammer
131918-7-0-3.wav,131918,2.678821,6.678821,1,6,0,jackhammer
131918-7-0-4.wav,131918,3.178821,7.178821,1,6,0,jackhammer
131918-7-0-5.wav,131918,3.678821,7.678821,1,6,0,jackhammer
131918-7-0-6.wav,131918,4.178821,8.178821,1,6,0,jackhammer
131918-7-0-7.wav,131918,4.678821,8.678821,1,6,0,jackhammer
131918-7-0-8.wav,131918,5.178821,9.178821,1,6,0,jackhammer
132016-7-0-0.wav,132016,76.564653,80.564653,2,4,0,jackhammer
132016-7-0-1.wav,132016,77.064653,81.064653,2,4,0,jackhammer
132016-7-0-2.wav,132016,77.564653,81.564653,2,4,0,jackhammer
132016-7-0-3.wav,132016,78.064653,82.064653,2,4,0,jackhammer
132016-7-0-4.wav,132016,78.564653,82.564653,2,4,0,jackhammer
132016-7-0-5.wav,132016,79.064653,83.064653,2,4,0,jackhammer
132016-7-0-6.wav,132016,79.564653,83.564653,2,4,0,jackhammer
132016-7-0-7.wav,132016,80.064653,84.064653,2,4,0,jackhammer
132016-7-0-8.wav,132016,80.564653,84.564653,2,4,0,jackhammer
132021-7-0-0.wav,132021,4.0349,8.0349,2,6,0,jackhammer
132021-7-0-1.wav,132021,4.5349,8.5349,2,6,0,jackhammer
132021-7-0-10.wav,132021,9.0349,13.0349,2,6,0,jackhammer
132021-7-0-11.wav,132021,9.5349,13.5349,2,6,0,jackhammer
132021-7-0-12.wav,132021,10.0349,14.0349,2,6,0,jackhammer
132021-7-0-2.wav,132021,5.0349,9.0349,2,6,0,jackhammer
132021-7-0-3.wav,132021,5.5349,9.5349,2,6,0,jackhammer
132021-7-0-4.wav,132021,6.0349,10.0349,2,6,0,jackhammer
132021-7-0-5.wav,132021,6.5349,10.5349,2,6,0,jackhammer
132021-7-0-6.wav,132021,7.0349,11.0349,2,6,0,jackhammer
132021-7-0-7.wav,132021,7.5349,11.5349,2,6,0,jackhammer
132021-7-0-8.wav,132021,8.0349,12.0349,2,6,0,jackhammer
132021-7-0-9.wav,132021,8.5349,12.5349,2,6,0,jackhammer
132021-7-1-0.wav,132021,34.268231,38.246301,1,6,0,jackhammer
14772-7-0-0.wav,14772,0.78467,2.045746,1,7,0,jackhammer
14772-7-1-0.wav,14772,4.539875,6.249334,1,7,0,jackhammer
14772-7-2-0.wav,14772,8.715439,9.86442,1,7,0,jackhammer
14772-7-3-0.wav,14772,11.265616,12.358549,1,7,0,jackhammer
14772-7-4-0.wav,14772,13.759745,15.160941,1,7,0,jackhammer
14772-7-5-0.wav,14772,17.570998,19.672793,1,7,0,jackhammer
14772-7-6-0.wav,14772,22.503209,24.717098,1,7,0,jackhammer
14772-7-7-0.wav,14772,26.006199,28.023921,1,7,0,jackhammer
14772-7-8-0.wav,14772,29.200926,30.910385,1,7,0,jackhammer
14772-7-9-0.wav,14772,31.891222,35.786547,1,7,0,jackhammer
148463-7-2-0.wav,148463,216.572451,220.572451,2,4,0,jackhammer
148463-7-2-1.wav,148463,217.072451,221.072451,2,4,0,jackhammer
148463-7-2-2.wav,148463,217.572451,221.572451,2,4,0,jackhammer
148463-7-3-0.wav,148463,292.484445,296.484445,2,4,0,jackhammer
148463-7-3-1.wav,148463,292.984445,296.984445,2,4,0,jackhammer
148463-7-3-10.wav,148463,297.484445,301.484445,2,4,0,jackhammer
148463-7-3-2.wav,148463,293.484445,297.484445,2,4,0,jackhammer
148463-7-3-3.wav,148463,293.984445,297.984445,2,4,0,jackhammer
148463-7-3-4.wav,148463,294.484445,298.484445,2,4,0,jackhammer
148463-7-3-5.wav,148463,294.984445,298.984445,2,4,0,jackhammer
148463-7-3-6.wav,148463,295.484445,299.484445,2,4,0,jackhammer
148463-7-3-7.wav,148463,295.984445,299.984445,2,4,0,jackhammer
148463-7-3-8.wav,148463,296.484445,300.484445,2,4,0,jackhammer
148463-7-3-9.wav,148463,296.984445,300.984445,2,4,0,jackhammer
156893-7-0-0.wav,156893,0.948287,2.203372,2,2,0,jackhammer
156893-7-1-0.wav,156893,3.765256,4.992451,2,2,0,jackhammer
156893-7-10-0.wav,156893,30.791429,31.349245,2,2,0,jackhammer
156893-7-11-0.wav,156893,32.715894,35.532863,2,2,0,jackhammer
156893-7-2-0.wav,156893,5.717611,6.833243,2,2,0,jackhammer
156893-7-3-0.wav,156893,7.809421,9.343414,2,2,0,jackhammer
156893-7-4-0.wav,156893,10.737953,11.797803,2,2,0,jackhammer
156893-7-5-0.wav,156893,13.750158,15.507278,2,2,0,jackhammer
156893-7-6-0.wav,156893,16.790254,18.07323,2,2,0,jackhammer
156893-7-7-0.wav,156893,20.19293,22.758883,2,2,0,jackhammer
156893-7-8-0.wav,156893,25.380617,26.440467,2,2,0,jackhammer
156893-7-9-0.wav,156893,29.173764,30.345177,2,2,0,jackhammer
162134-7-0-0.wav,162134,1.333125,5.333125,1,10,0,jackhammer
162134-7-0-1.wav,162134,1.833125,5.833125,1,10,0,jackhammer
162134-7-0-2.wav,162134,2.333125,6.333125,1,10,0,jackhammer
162134-7-1-0.wav,162134,18.663755,22.396505,1,10,0,jackhammer
162134-7-10-0.wav,162134,178.959326,182.959326,1,10,0,jackhammer
162134-7-10-1.wav,162134,179.459326,183.459326,1,10,0,jackhammer
162134-7-10-2.wav,162134,179.959326,183.959326,1,10,0,jackhammer
162134-7-10-3.wav,162134,180.459326,184.459326,1,10,0,jackhammer
162134-7-11-0.wav,162134,192.102215,196.102215,1,10,0,jackhammer
162134-7-11-1.wav,162134,192.602215,196.602215,1,10,0,jackhammer
162134-7-11-2.wav,162134,193.102215,197.102215,1,10,0,jackhammer
162134-7-11-3.wav,162134,193.602215,197.602215,1,10,0,jackhammer
162134-7-11-4.wav,162134,194.102215,198.102215,1,10,0,jackhammer
162134-7-11-5.wav,162134,194.602215,198.602215,1,10,0,jackhammer
162134-7-11-6.wav,162134,195.102215,199.102215,1,10,0,jackhammer
162134-7-11-7.wav,162134,195.602215,199.602215,1,10,0,jackhammer
162134-7-12-0.wav,162134,214.247081,218.247081,1,10,0,jackhammer
162134-7-12-1.wav,162134,214.747081,218.747081,1,10,0,jackhammer
162134-7-12-2.wav,162134,215.247081,219.247081,1,10,0,jackhammer
162134-7-12-3.wav,162134,215.747081,219.747081,1,10,0,jackhammer
162134-7-12-4.wav,162134,216.247081,220.247081,1,10,0,jackhammer
162134-7-13-0.wav,162134,231.710919,235.710919,1,10,0,jackhammer
162134-7-13-1.wav,162134,232.210919,236.210919,1,10,0,jackhammer
162134-7-13-2.wav,162134,232.710919,236.710919,1,10,0,jackhammer
162134-7-13-3.wav,162134,233.210919,237.210919,1,10,0,jackhammer
162134-7-13-4.wav,162134,233.710919,237.710919,1,10,0,jackhammer
162134-7-14-0.wav,162134,247.73444,251.73444,1,10,0,jackhammer
162134-7-14-1.wav,162134,248.23444,252.23444,1,10,0,jackhammer
162134-7-14-2.wav,162134,248.73444,252.73444,1,10,0,jackhammer
162134-7-15-0.wav,162134,261.597486,265.597486,1,10,0,jackhammer
162134-7-15-1.wav,162134,262.097486,266.097486,1,10,0,jackhammer
162134-7-15-2.wav,162134,262.597486,266.597486,1,10,0,jackhammer
162134-7-15-3.wav,162134,263.097486,267.097486,1,10,0,jackhammer
162134-7-15-4.wav,162134,263.597486,267.597486,1,10,0,jackhammer
162134-7-16-0.wav,162134,301.20619,305.20619,1,10,0,jackhammer
162134-7-16-1.wav,162134,301.70619,305.70619,1,10,0,jackhammer
162134-7-17-0.wav,162134,315.249276,319.249276,1,10,0,jackhammer
162134-7-17-1.wav,162134,315.749276,319.749276,1,10,0,jackhammer
162134-7-17-2.wav,162134,316.249276,320.249276,1,10,0,jackhammer
162134-7-17-3.wav,162134,316.749276,320.749276,1,10,0,jackhammer
162134-7-17-4.wav,162134,317.249276,321.249276,1,10,0,jackhammer
162134-7-2-0.wav,162134,27.195757,31.195757,1,10,0,jackhammer
162134-7-3-0.wav,162134,97.584774,101.584774,1,10,0,jackhammer
162134-7-4-0.wav,162134,114.505163,117.025716,1,10,0,jackhammer
162134-7-5-0.wav,162134,120.266429,122.246864,1,10,0,jackhammer
162134-7-6-0.wav,162134,126.027695,127.82809,1,10,0,jackhammer
162134-7-7-0.wav,162134,129.628486,133.628486,1,10,0,jackhammer
162134-7-7-1.wav,162134,130.128486,134.128486,1,10,0,jackhammer
162134-7-8-0.wav,162134,137.730266,141.730266,1,10,0,jackhammer
162134-7-8-1.wav,162134,138.230266,142.230266,1,10,0,jackhammer
162134-7-8-2.wav,162134,138.730266,142.730266,1,10,0,jackhammer
162134-7-8-3.wav,162134,139.230266,143.230266,1,10,0,jackhammer
162134-7-8-4.wav,162134,139.730266,143.730266,1,10,0,jackhammer
162134-7-8-5.wav,162134,140.230266,144.230266,1,10,0,jackhammer
162134-7-8-6.wav,162134,140.730266,144.730266,1,10,0,jackhammer
162134-7-8-7.wav,162134,141.230266,145.230266,1,10,0,jackhammer
162134-7-9-0.wav,162134,162.575726,166.575726,1,10,0,jackhammer
162134-7-9-1.wav,162134,163.075726,167.075726,1,10,0,jackhammer
162134-7-9-2.wav,162134,163.575726,167.575726,1,10,0,jackhammer
162134-7-9-3.wav,162134,164.075726,168.075726,1,10,0,jackhammer
162134-7-9-4.wav,162134,164.575726,168.575726,1,10,0,jackhammer
165039-7-0-0.wav,165039,20.720467,24.720467,1,3,0,jackhammer
165039-7-1-0.wav,165039,28.548199,32.462065,1,3,0,jackhammer
165039-7-10-0.wav,165039,128.466896,132.466896,1,3,0,jackhammer
165039-7-10-1.wav,165039,128.966896,132.966896,1,3,0,jackhammer
165039-7-11-0.wav,165039,142.280541,146.280541,1,3,0,jackhammer
165039-7-12-0.wav,165039,199.146711,203.146711,1,3,0,jackhammer
165039-7-12-1.wav,165039,199.646711,203.646711,1,3,0,jackhammer
165039-7-13-0.wav,165039,206.744216,210.744216,1,3,0,jackhammer
165039-7-14-0.wav,165039,231.839004,234.83196,1,3,0,jackhammer
165039-7-15-0.wav,165039,256.012882,260.012882,1,3,0,jackhammer
165039-7-15-1.wav,165039,256.512882,260.512882,1,3,0,jackhammer
165039-7-16-0.wav,165039,266.373115,270.286981,1,3,0,jackhammer
165039-7-17-0.wav,165039,284.561081,288.561081,1,3,0,jackhammer
165039-7-17-1.wav,165039,285.061081,289.061081,1,3,0,jackhammer
165039-7-2-0.wav,165039,35.224794,39.224794,1,3,0,jackhammer
165039-7-2-1.wav,165039,35.724794,39.724794,1,3,0,jackhammer
165039-7-3-0.wav,165039,47.657074,51.657074,1,3,0,jackhammer
165039-7-4-0.wav,165039,55.254579,59.254579,1,3,0,jackhammer
165039-7-4-1.wav,165039,55.754579,59.754579,1,3,0,jackhammer
165039-7-4-2.wav,165039,56.254579,60.254579,1,3,0,jackhammer
165039-7-5-0.wav,165039,64.92413,68.92413,1,3,0,jackhammer
165039-7-5-1.wav,165039,65.42413,69.42413,1,3,0,jackhammer
165039-7-6-0.wav,165039,74.593681,78.593681,1,3,0,jackhammer
165039-7-6-1.wav,165039,75.093681,79.093681,1,3,0,jackhammer
165039-7-7-0.wav,165039,88.407326,92.321192,1,3,0,jackhammer
165039-7-8-0.wav,165039,95.083921,99.083921,1,3,0,jackhammer
165039-7-8-1.wav,165039,95.583921,99.583921,1,3,0,jackhammer
165039-7-8-2.wav,165039,96.083921,100.083921,1,3,0,jackhammer
165039-7-9-0.wav,165039,119.257799,123.257799,1,3,0,jackhammer
165774-7-0-0.wav,165774,1.150402,2.218633,1,5,0,jackhammer
165774-7-1-0.wav,165774,3.040349,4.60161,1,5,0,jackhammer
165774-7-2-0.wav,165774,5.423326,7.025672,1,5,0,jackhammer
165774-7-3-0.wav,165774,17.379295,19.022727,1,5,0,jackhammer
165774-7-4-0.wav,165774,20.871588,22.021991,1,5,0,jackhammer
165774-7-5-0.wav,165774,23.706509,24.980168,1,5,0,jackhammer
165774-7-6-0.wav,165774,32.909729,33.895788,1,5,0,jackhammer
165774-7-7-0.wav,165774,35.005105,36.402022,1,5,0,jackhammer
165774-7-8-0.wav,165774,37.388081,38.826084,1,5,0,jackhammer
165775-7-0-0.wav,165775,6.82896,7.36632,2,2,0,jackhammer
165775-7-1-0.wav,165775,9.258278,9.650104,2,2,0,jackhammer
169098-7-0-0.wav,169098,0.955909,4.955909,2,2,0,jackhammer
169098-7-0-1.wav,169098,1.455909,5.455909,2,2,0,jackhammer
169098-7-0-2.wav,169098,1.955909,5.955909,2,2,0,jackhammer
169098-7-0-3.wav,169098,2.455909,6.455909,2,2,0,jackhammer
169098-7-0-4.wav,169098,2.955909,6.955909,2,2,0,jackhammer
169098-7-0-5.wav,169098,3.455909,7.455909,2,2,0,jackhammer
169098-7-0-6.wav,169098,3.955909,7.955909,2,2,0,jackhammer
169098-7-0-7.wav,169098,4.455909,8.455909,2,2,0,jackhammer
169098-7-0-8.wav,169098,4.955909,8.955909,2,2,0,jackhammer
169098-7-0-9.wav,169098,5.455909,9.455909,2,2,0,jackhammer
169098-7-1-0.wav,169098,32.848496,36.848496,2,2,0,jackhammer
169098-7-2-0.wav,169098,41.017169,45.017169,2,2,0,jackhammer
169098-7-3-0.wav,169098,50.054851,54.054851,2,2,0,jackhammer
169098-7-3-1.wav,169098,50.554851,54.554851,2,2,0,jackhammer
169098-7-4-0.wav,169098,83.511652,87.511652,2,2,0,jackhammer
169098-7-4-1.wav,169098,84.011652,88.011652,2,2,0,jackhammer
169098-7-4-10.wav,169098,88.511652,92.511652,2,2,0,jackhammer
169098-7-4-11.wav,169098,89.011652,93.011652,2,2,0,jackhammer
169098-7-4-2.wav,169098,84.511652,88.511652,2,2,0,jackhammer
169098-7-4-3.wav,169098,85.011652,89.011652,2,2,0,jackhammer
169098-7-4-4.wav,169098,85.511652,89.511652,2,2,0,jackhammer
169098-7-4-5.wav,169098,86.011652,90.011652,2,2,0,jackhammer
169098-7-4-6.wav,169098,86.511652,90.511652,2,2,0,jackhammer
169098-7-4-7.wav,169098,87.011652,91.011652,2,2,0,jackhammer
169098-7-4-8.wav,169098,87.511652,91.511652,2,2,0,jackhammer
169098-7-4-9.wav,169098,88.011652,92.011652,2,2,0,jackhammer
171305-7-0-0.wav,171305,0.579476,3.283696,1,4,0,jackhammer
171305-7-1-0.wav,171305,4.346069,6.567393,1,4,0,jackhammer
171305-7-10-0.wav,171305,51.380189,52.7323,1,4,0,jackhammer
171305-7-11-0.wav,171305,54.374148,55.339941,1,4,0,jackhammer
171305-7-12-0.wav,171305,56.498892,59.879168,1,4,0,jackhammer
171305-7-13-0.wav,171305,60.94154,62.197071,1,4,0,jackhammer
171305-7-14-0.wav,171305,62.969706,63.935499,1,4,0,jackhammer
171305-7-15-0.wav,171305,64.708133,67.508933,1,4,0,jackhammer
171305-7-16-0.wav,171305,71.661843,72.724215,1,4,0,jackhammer
171305-7-17-0.wav,171305,74.366063,75.525015,1,4,0,jackhammer
171305-7-18-0.wav,171305,76.683967,79.774504,1,4,0,jackhammer
171305-7-19-0.wav,171305,81.030035,82.575304,1,4,0,jackhammer
171305-7-2-0.wav,171305,12.941627,16.941627,1,4,0,jackhammer
171305-7-20-0.wav,171305,83.347939,84.217152,1,4,0,jackhammer
171305-7-21-0.wav,171305,84.796628,85.472683,1,4,0,jackhammer
171305-7-22-0.wav,171305,86.728214,90.301648,1,4,0,jackhammer
171305-7-23-0.wav,171305,91.4606,93.005869,1,4,0,jackhammer
171305-7-24-0.wav,171305,93.778503,97.778503,1,4,0,jackhammer
171305-7-25-0.wav,171305,99.186944,101.504848,1,4,0,jackhammer
171305-7-26-0.wav,171305,103.146696,105.657758,1,4,0,jackhammer
171305-7-27-0.wav,171305,106.72013,109.327771,1,4,0,jackhammer
171305-7-28-0.wav,171305,112.32173,114.543054,1,4,0,jackhammer
171305-7-29-0.wav,171305,118.116488,120.53097,1,4,0,jackhammer
171305-7-3-0.wav,171305,19.509019,20.571392,1,4,0,jackhammer
171305-7-4-0.wav,171305,21.730343,23.372191,1,4,0,jackhammer
171305-7-5-0.wav,171305,24.820881,28.684053,1,4,0,jackhammer
171305-7-6-0.wav,171305,31.678011,32.257487,1,4,0,jackhammer
171305-7-7-0.wav,171305,34.092494,38.092494,1,4,0,jackhammer
171305-7-8-0.wav,171305,40.273569,44.273569,1,4,0,jackhammer
171305-7-8-1.wav,171305,40.773569,44.773569,1,4,0,jackhammer
171305-7-9-0.wav,171305,49.352024,50.607555,1,4,0,jackhammer
174276-7-0-0.wav,174276,0.273606,2.633453,1,1,0,jackhammer
174276-7-1-0.wav,174276,4.651294,7.113743,1,1,0,jackhammer
174276-7-2-0.wav,174276,8.139764,12.139764,1,1,0,jackhammer
174276-7-3-0.wav,174276,14.603694,18.603694,1,1,0,jackhammer
174276-7-4-0.wav,174276,20.007403,24.007403,1,1,0,jackhammer
174276-7-5-0.wav,174276,27.052745,29.925603,1,1,0,jackhammer
174276-7-6-0.wav,174276,31.464634,34.508495,1,1,0,jackhammer
177537-7-0-0.wav,177537,0,4,2,7,0,jackhammer
177537-7-0-1.wav,177537,0.5,4.5,2,7,0,jackhammer
177537-7-0-10.wav,177537,5,9,2,7,0,jackhammer
177537-7-0-11.wav,177537,5.5,9.5,2,7,0,jackhammer
177537-7-0-12.wav,177537,6,10,2,7,0,jackhammer
177537-7-0-13.wav,177537,6.5,10.5,2,7,0,jackhammer
177537-7-0-14.wav,177537,7,11,2,7,0,jackhammer
177537-7-0-15.wav,177537,7.5,11.5,2,7,0,jackhammer
177537-7-0-16.wav,177537,8,12,2,7,0,jackhammer
177537-7-0-17.wav,177537,8.5,12.5,2,7,0,jackhammer
177537-7-0-18.wav,177537,9,13,2,7,0,jackhammer
177537-7-0-19.wav,177537,9.5,13.5,2,7,0,jackhammer
177537-7-0-2.wav,177537,1,5,2,7,0,jackhammer
177537-7-0-20.wav,177537,10,14,2,7,0,jackhammer
177537-7-0-21.wav,177537,10.5,14.5,2,7,0,jackhammer
177537-7-0-22.wav,177537,11,15,2,7,0,jackhammer
177537-7-0-23.wav,177537,11.5,15.5,2,7,0,jackhammer
177537-7-0-24.wav,177537,12,16,2,7,0,jackhammer
177537-7-0-25.wav,177537,12.5,16.5,2,7,0,jackhammer
177537-7-0-26.wav,177537,13,17,2,7,0,jackhammer
177537-7-0-27.wav,177537,13.5,17.5,2,7,0,jackhammer
177537-7-0-28.wav,177537,14,18,2,7,0,jackhammer
177537-7-0-29.wav,177537,14.5,18.5,2,7,0,jackhammer
177537-7-0-3.wav,177537,1.5,5.5,2,7,0,jackhammer
177537-7-0-30.wav,177537,15,19,2,7,0,jackhammer
177537-7-0-31.wav,177537,15.5,19.5,2,7,0,jackhammer
177537-7-0-4.wav,177537,2,6,2,7,0,jackhammer
177537-7-0-5.wav,177537,2.5,6.5,2,7,0,jackhammer
177537-7-0-6.wav,177537,3,7,2,7,0,jackhammer
177537-7-0-7.wav,177537,3.5,7.5,2,7,0,jackhammer
177537-7-0-8.wav,177537,4,8,2,7,0,jackhammer
177537-7-0-9.wav,177537,4.5,8.5,2,7,0,jackhammer
177537-7-1-0.wav,177537,69.836679,73.836679,2,7,0,jackhammer
177537-7-1-1.wav,177537,70.336679,74.336679,2,7,0,jackhammer
177537-7-1-10.wav,177537,74.836679,78.836679,2,7,0,jackhammer
177537-7-1-2.wav,177537,70.836679,74.836679,2,7,0,jackhammer
177537-7-1-3.wav,177537,71.336679,75.336679,2,7,0,jackhammer
177537-7-1-4.wav,177537,71.836679,75.836679,2,7,0,jackhammer
177537-7-1-5.wav,177537,72.336679,76.336679,2,7,0,jackhammer
177537-7-1-6.wav,177537,72.836679,76.836679,2,7,0,jackhammer
177537-7-1-7.wav,177537,73.336679,77.336679,2,7,0,jackhammer
177537-7-1-8.wav,177537,73.836679,77.836679,2,7,0,jackhammer
177537-7-1-9.wav,177537,74.336679,78.336679,2,7,0,jackhammer
177537-7-2-0.wav,177537,96.379472,100.379472,2,7,0,jackhammer
177537-7-2-1.wav,177537,96.879472,100.879472,2,7,0,jackhammer
178260-7-0-0.wav,178260,0,4,1,5,0,jackhammer
178260-7-1-0.wav,178260,5.337693,9.337693,1,5,0,jackhammer
178260-7-1-1.wav,178260,5.837693,9.837693,1,5,0,jackhammer
178260-7-1-10.wav,178260,10.337693,14.337693,1,5,0,jackhammer
178260-7-1-2.wav,178260,6.337693,10.337693,1,5,0,jackhammer
178260-7-1-3.wav,178260,6.837693,10.837693,1,5,0,jackhammer
178260-7-1-4.wav,178260,7.337693,11.337693,1,5,0,jackhammer
178260-7-1-5.wav,178260,7.837693,11.837693,1,5,0,jackhammer
178260-7-1-6.wav,178260,8.337693,12.337693,1,5,0,jackhammer
178260-7-1-7.wav,178260,8.837693,12.837693,1,5,0,jackhammer
178260-7-1-8.wav,178260,9.337693,13.337693,1,5,0,jackhammer
178260-7-1-9.wav,178260,9.837693,13.837693,1,5,0,jackhammer
178260-7-2-0.wav,178260,31.879921,35.879921,1,5,0,jackhammer
178260-7-2-1.wav,178260,32.379921,36.379921,1,5,0,jackhammer
178260-7-2-2.wav,178260,32.879921,36.879921,1,5,0,jackhammer
178260-7-3-0.wav,178260,40.946687,44.946687,1,5,0,jackhammer
178260-7-3-1.wav,178260,41.446687,45.446687,1,5,0,jackhammer
178260-7-3-10.wav,178260,45.946687,49.946687,1,5,0,jackhammer
178260-7-3-11.wav,178260,46.446687,50.446687,1,5,0,jackhammer
178260-7-3-12.wav,178260,46.946687,50.946687,1,5,0,jackhammer
178260-7-3-2.wav,178260,41.946687,45.946687,1,5,0,jackhammer
178260-7-3-3.wav,178260,42.446687,46.446687,1,5,0,jackhammer
178260-7-3-4.wav,178260,42.946687,46.946687,1,5,0,jackhammer
178260-7-3-5.wav,178260,43.446687,47.446687,1,5,0,jackhammer
178260-7-3-6.wav,178260,43.946687,47.946687,1,5,0,jackhammer
178260-7-3-7.wav,178260,44.446687,48.446687,1,5,0,jackhammer
178260-7-3-8.wav,178260,44.946687,48.946687,1,5,0,jackhammer
178260-7-3-9.wav,178260,45.446687,49.446687,1,5,0,jackhammer
178260-7-4-0.wav,178260,73.704037,77.704037,1,5,0,jackhammer
178260-7-4-1.wav,178260,74.204037,78.204037,1,5,0,jackhammer
178260-7-5-0.wav,178260,81.308422,84.964376,1,5,0,jackhammer
178260-7-6-0.wav,178260,86.426758,89.351522,1,5,0,jackhammer
178260-7-7-0.wav,178260,90.448308,91.471975,1,5,0,jackhammer
178261-7-0-0.wav,178261,0,1.804496,1,10,0,jackhammer
178261-7-1-0.wav,178261,4.265171,8.265171,1,10,0,jackhammer
178261-7-2-0.wav,178261,10.908996,14.908996,1,10,0,jackhammer
178261-7-3-0.wav,178261,17.771547,21.771547,1,10,0,jackhammer
178261-7-3-1.wav,178261,18.271547,22.271547,1,10,0,jackhammer
178261-7-3-2.wav,178261,18.771547,22.771547,1,10,0,jackhammer
178261-7-3-3.wav,178261,19.271547,23.271547,1,10,0,jackhammer
178261-7-3-4.wav,178261,19.771547,23.771547,1,10,0,jackhammer
178261-7-3-5.wav,178261,20.271547,24.271547,1,10,0,jackhammer
178261-7-3-6.wav,178261,20.771547,24.771547,1,10,0,jackhammer
180937-7-0-0.wav,180937,171.272327,175.272327,1,1,0,jackhammer
180937-7-0-1.wav,180937,171.772327,175.772327,1,1,0,jackhammer
180937-7-0-2.wav,180937,172.272327,176.272327,1,1,0,jackhammer
180937-7-0-4.wav,180937,173.272327,177.272327,1,1,0,jackhammer
180937-7-0-5.wav,180937,173.772327,177.772327,1,1,0,jackhammer
180937-7-0-6.wav,180937,174.272327,178.272327,1,1,0,jackhammer
180937-7-1-0.wav,180937,193.415715,197.415715,1,1,0,jackhammer
180937-7-1-1.wav,180937,193.915715,197.915715,1,1,0,jackhammer
180937-7-1-10.wav,180937,198.415715,202.415715,1,1,0,jackhammer
180937-7-1-11.wav,180937,198.915715,202.915715,1,1,0,jackhammer
180937-7-1-12.wav,180937,199.415715,203.415715,1,1,0,jackhammer
180937-7-1-13.wav,180937,199.915715,203.915715,1,1,0,jackhammer
180937-7-1-14.wav,180937,200.415715,204.415715,1,1,0,jackhammer
180937-7-1-15.wav,180937,200.915715,204.915715,1,1,0,jackhammer
180937-7-1-2.wav,180937,194.415715,198.415715,1,1,0,jackhammer
180937-7-1-3.wav,180937,194.915715,198.915715,1,1,0,jackhammer
180937-7-1-4.wav,180937,195.415715,199.415715,1,1,0,jackhammer
180937-7-1-5.wav,180937,195.915715,199.915715,1,1,0,jackhammer
180937-7-1-6.wav,180937,196.415715,200.415715,1,1,0,jackhammer
180937-7-1-7.wav,180937,196.915715,200.915715,1,1,0,jackhammer
180937-7-1-8.wav,180937,197.415715,201.415715,1,1,0,jackhammer
180937-7-1-9.wav,180937,197.915715,201.915715,1,1,0,jackhammer
180937-7-2-0.wav,180937,252.163479,256.163479,1,1,0,jackhammer
180937-7-2-1.wav,180937,252.663479,256.663479,1,1,0,jackhammer
180937-7-2-10.wav,180937,257.163479,261.163479,1,1,0,jackhammer
180937-7-2-2.wav,180937,253.163479,257.163479,1,1,0,jackhammer
180937-7-2-3.wav,180937,253.663479,257.663479,1,1,0,jackhammer
180937-7-2-4.wav,180937,254.163479,258.163479,1,1,0,jackhammer
180937-7-2-5.wav,180937,254.663479,258.663479,1,1,0,jackhammer
180937-7-2-6.wav,180937,255.163479,259.163479,1,1,0,jackhammer
180937-7-2-7.wav,180937,255.663479,259.663479,1,1,0,jackhammer
180937-7-2-8.wav,180937,256.163479,260.163479,1,1,0,jackhammer
180937-7-2-9.wav,180937,256.663479,260.663479,1,1,0,jackhammer
180937-7-3-0.wav,180937,304.584561,308.584561,2,1,0,jackhammer
180937-7-3-1.wav,180937,305.084561,309.084561,2,1,0,jackhammer
180937-7-3-10.wav,180937,309.584561,313.584561,2,1,0,jackhammer
180937-7-3-11.wav,180937,310.084561,314.084561,2,1,0,jackhammer
180937-7-3-12.wav,180937,310.584561,314.584561,2,1,0,jackhammer
180937-7-3-13.wav,180937,311.084561,315.084561,2,1,0,jackhammer
180937-7-3-14.wav,180937,311.584561,315.584561,2,1,0,jackhammer
180937-7-3-15.wav,180937,312.084561,316.084561,2,1,0,jackhammer
180937-7-3-17.wav,180937,313.084561,317.084561,2,1,0,jackhammer
180937-7-3-18.wav,180937,313.584561,317.584561,2,1,0,jackhammer
180937-7-3-19.wav,180937,314.084561,318.084561,2,1,0,jackhammer
180937-7-3-2.wav,180937,305.584561,309.584561,2,1,0,jackhammer
180937-7-3-20.wav,180937,314.584561,318.584561,2,1,0,jackhammer
180937-7-3-21.wav,180937,315.084561,319.084561,2,1,0,jackhammer
180937-7-3-22.wav,180937,315.584561,319.584561,2,1,0,jackhammer
180937-7-3-23.wav,180937,316.084561,320.084561,2,1,0,jackhammer
180937-7-3-24.wav,180937,316.584561,320.584561,2,1,0,jackhammer
180937-7-3-26.wav,180937,317.584561,321.584561,2,1,0,jackhammer
180937-7-3-27.wav,180937,318.084561,322.084561,2,1,0,jackhammer
180937-7-3-28.wav,180937,318.584561,322.584561,2,1,0,jackhammer
180937-7-3-29.wav,180937,319.084561,323.084561,2,1,0,jackhammer
180937-7-3-3.wav,180937,306.084561,310.084561,2,1,0,jackhammer
180937-7-3-30.wav,180937,319.584561,323.584561,2,1,0,jackhammer
180937-7-3-31.wav,180937,320.084561,324.084561,2,1,0,jackhammer
180937-7-3-32.wav,180937,320.584561,324.584561,2,1,0,jackhammer
180937-7-3-33.wav,180937,321.084561,325.084561,2,1,0,jackhammer
180937-7-3-4.wav,180937,306.584561,310.584561,2,1,0,jackhammer
180937-7-3-5.wav,180937,307.084561,311.084561,2,1,0,jackhammer
180937-7-3-6.wav,180937,307.584561,311.584561,2,1,0,jackhammer
180937-7-3-7.wav,180937,308.084561,312.084561,2,1,0,jackhammer
180937-7-3-8.wav,180937,308.584561,312.584561,2,1,0,jackhammer
180937-7-3-9.wav,180937,309.084561,313.084561,2,1,0,jackhammer
180937-7-4-0.wav,180937,463.203523,467.203523,2,1,0,jackhammer
180937-7-4-10.wav,180937,468.203523,472.203523,2,1,0,jackhammer
180937-7-4-11.wav,180937,468.703523,472.703523,2,1,0,jackhammer
180937-7-4-12.wav,180937,469.203523,473.203523,2,1,0,jackhammer
180937-7-4-13.wav,180937,469.703523,473.703523,2,1,0,jackhammer
180937-7-4-14.wav,180937,470.203523,474.203523,2,1,0,jackhammer
180937-7-4-2.wav,180937,464.203523,468.203523,2,1,0,jackhammer
180937-7-4-3.wav,180937,464.703523,468.703523,2,1,0,jackhammer
180937-7-4-4.wav,180937,465.203523,469.203523,2,1,0,jackhammer
180937-7-4-5.wav,180937,465.703523,469.703523,2,1,0,jackhammer
180937-7-4-6.wav,180937,466.203523,470.203523,2,1,0,jackhammer
180937-7-4-7.wav,180937,466.703523,470.703523,2,1,0,jackhammer
180937-7-4-8.wav,180937,467.203523,471.203523,2,1,0,jackhammer
180937-7-4-9.wav,180937,467.703523,471.703523,2,1,0,jackhammer
187920-7-0-0.wav,187920,1.436244,4.589735,1,5,0,jackhammer
187920-7-1-0.wav,187920,7.368554,11.368554,1,5,0,jackhammer
187920-7-1-1.wav,187920,7.868554,11.868554,1,5,0,jackhammer
187920-7-1-2.wav,187920,8.368554,12.368554,1,5,0,jackhammer
187920-7-2-0.wav,187920,30.660677,32.096921,2,5,0,jackhammer
188813-7-0-0.wav,188813,1.356941,2.196952,1,10,0,jackhammer
188813-7-1-0.wav,188813,2.972346,4.975449,1,10,0,jackhammer
188813-7-10-0.wav,188813,37.348178,41.348178,1,10,0,jackhammer
188813-7-10-1.wav,188813,37.848178,41.848178,1,10,0,jackhammer
188813-7-10-2.wav,188813,38.348178,42.348178,1,10,0,jackhammer
188813-7-10-3.wav,188813,38.848178,42.848178,1,10,0,jackhammer
188813-7-11-0.wav,188813,50.529888,54.529888,1,10,0,jackhammer
188813-7-11-1.wav,188813,51.029888,55.029888,1,10,0,jackhammer
188813-7-12-0.wav,188813,61.126949,62.160808,1,10,0,jackhammer
188813-7-13-0.wav,188813,67.911652,70.560917,1,10,0,jackhammer
188813-7-2-0.wav,188813,6.203158,7.753947,1,10,0,jackhammer
188813-7-3-0.wav,188813,8.464725,10.79091,1,10,0,jackhammer
188813-7-4-0.wav,188813,11.566304,14.603267,1,10,0,jackhammer
188813-7-5-0.wav,188813,15.249429,17.1233,1,10,0,jackhammer
188813-7-6-0.wav,188813,18.092543,20.354111,1,10,0,jackhammer
188813-7-7-0.wav,188813,21.323354,24.618782,1,10,0,jackhammer
188813-7-8-0.wav,188813,27.332663,29.464998,1,10,0,jackhammer
188813-7-9-0.wav,188813,32.825042,36.12047,1,10,0,jackhammer
188823-7-0-0.wav,188823,0,4,1,9,0,jackhammer
188823-7-0-1.wav,188823,0.5,4.5,1,9,0,jackhammer
188823-7-0-2.wav,188823,1,5,1,9,0,jackhammer
188823-7-0-3.wav,188823,1.5,5.5,1,9,0,jackhammer
188823-7-0-4.wav,188823,2,6,1,9,0,jackhammer
188823-7-1-0.wav,188823,13.742981,17.742981,1,9,0,jackhammer
188823-7-1-1.wav,188823,14.242981,18.242981,1,9,0,jackhammer
188823-7-1-2.wav,188823,14.742981,18.742981,1,9,0,jackhammer
188823-7-1-3.wav,188823,15.242981,19.242981,1,9,0,jackhammer
188823-7-2-0.wav,188823,26.638791,30.638791,1,9,0,jackhammer
188823-7-2-1.wav,188823,27.138791,31.138791,1,9,0,jackhammer
188823-7-2-2.wav,188823,27.638791,31.638791,1,9,0,jackhammer
188823-7-2-3.wav,188823,28.138791,32.138791,1,9,0,jackhammer
188823-7-3-0.wav,188823,39.816992,43.064477,1,9,0,jackhammer
188823-7-4-0.wav,188823,44.099907,47.065003,1,9,0,jackhammer
188823-7-5-0.wav,188823,48.524018,52.524018,1,9,0,jackhammer
188823-7-6-0.wav,188823,54.407143,56.242678,1,9,0,jackhammer
188824-7-0-0.wav,188824,0,1.373335,2,3,0,jackhammer
188824-7-1-0.wav,188824,1.87273,3.183641,2,3,0,jackhammer
188824-7-10-0.wav,188824,53.185535,54.1219,2,3,0,jackhammer
188824-7-11-0.wav,188824,55.307963,56.494025,2,3,0,jackhammer
188824-7-12-0.wav,188824,59.864939,63.485551,2,3,0,jackhammer
188824-7-2-0.wav,188824,3.683036,4.74425,2,3,0,jackhammer
188824-7-3-0.wav,188824,5.680615,6.492131,2,3,0,jackhammer
188824-7-4-0.wav,188824,6.991526,8.240012,2,3,0,jackhammer
188824-7-5-0.wav,188824,8.240012,9.613348,2,3,0,jackhammer
188824-7-6-0.wav,188824,10.549713,11.423654,2,3,0,jackhammer
188824-7-7-0.wav,188824,25.9061,28.278225,2,3,0,jackhammer
188824-7-8-0.wav,188824,29.277014,30.775198,2,3,0,jackhammer
188824-7-9-0.wav,188824,31.399441,35.399441,2,3,0,jackhammer
203929-7-1-0.wav,203929,34.862871,38.862871,2,2,0,jackhammer
203929-7-1-1.wav,203929,35.362871,39.362871,2,2,0,jackhammer
203929-7-1-2.wav,203929,35.862871,39.862871,2,2,0,jackhammer
203929-7-1-3.wav,203929,36.362871,40.362871,2,2,0,jackhammer
203929-7-1-6.wav,203929,37.862871,41.862871,2,2,0,jackhammer
203929-7-1-7.wav,203929,38.362871,42.362871,2,2,0,jackhammer
203929-7-1-8.wav,203929,38.862871,42.862871,2,2,0,jackhammer
203929-7-10-0.wav,203929,511.592356,515.592356,2,2,0,jackhammer
203929-7-10-1.wav,203929,512.092356,516.092356,2,2,0,jackhammer
203929-7-10-2.wav,203929,512.592356,516.592356,2,2,0,jackhammer
203929-7-2-0.wav,203929,80.265679,84.265679,2,2,0,jackhammer
203929-7-2-11.wav,203929,85.765679,89.765679,2,2,0,jackhammer
203929-7-2-2.wav,203929,81.265679,85.265679,2,2,0,jackhammer
203929-7-2-3.wav,203929,81.765679,85.765679,2,2,0,jackhammer
203929-7-2-5.wav,203929,82.765679,86.765679,2,2,0,jackhammer
203929-7-2-6.wav,203929,83.265679,87.265679,2,2,0,jackhammer
203929-7-2-8.wav,203929,84.265679,88.265679,2,2,0,jackhammer
203929-7-2-9.wav,203929,84.765679,88.765679,2,2,0,jackhammer
203929-7-3-1.wav,203929,110.763963,114.763963,2,2,0,jackhammer
203929-7-3-10.wav,203929,115.263963,119.263963,2,2,0,jackhammer
203929-7-3-2.wav,203929,111.263963,115.263963,2,2,0,jackhammer
203929-7-3-3.wav,203929,111.763963,115.763963,2,2,0,jackhammer
203929-7-3-5.wav,203929,112.763963,116.763963,2,2,0,jackhammer
203929-7-3-9.wav,203929,114.763963,118.763963,2,2,0,jackhammer
203929-7-4-0.wav,203929,139.451482,143.451482,2,2,0,jackhammer
203929-7-4-1.wav,203929,139.951482,143.951482,2,2,0,jackhammer
203929-7-4-10.wav,203929,144.451482,148.451482,2,2,0,jackhammer
203929-7-4-11.wav,203929,144.951482,148.951482,2,2,0,jackhammer
203929-7-4-12.wav,203929,145.451482,149.451482,2,2,0,jackhammer
203929-7-4-2.wav,203929,140.451482,144.451482,2,2,0,jackhammer
203929-7-4-4.wav,203929,141.451482,145.451482,2,2,0,jackhammer
203929-7-4-6.wav,203929,142.451482,146.451482,2,2,0,jackhammer
203929-7-4-7.wav,203929,142.951482,146.951482,2,2,0,jackhammer
203929-7-4-8.wav,203929,143.451482,147.451482,2,2,0,jackhammer
203929-7-5-0.wav,203929,171.882059,175.882059,2,2,0,jackhammer
203929-7-5-1.wav,203929,172.382059,176.382059,2,2,0,jackhammer
203929-7-5-10.wav,203929,176.882059,180.882059,2,2,0,jackhammer
203929-7-5-11.wav,203929,177.382059,181.382059,2,2,0,jackhammer
203929-7-5-6.wav,203929,174.882059,178.882059,2,2,0,jackhammer
203929-7-5-7.wav,203929,175.382059,179.382059,2,2,0,jackhammer
203929-7-6-1.wav,203929,209.271841,213.271841,2,2,0,jackhammer
203929-7-6-10.wav,203929,213.771841,217.771841,2,2,0,jackhammer
203929-7-6-11.wav,203929,214.271841,218.271841,2,2,0,jackhammer
203929-7-6-2.wav,203929,209.771841,213.771841,2,2,0,jackhammer
203929-7-6-3.wav,203929,210.271841,214.271841,2,2,0,jackhammer
203929-7-6-8.wav,203929,212.771841,216.771841,2,2,0,jackhammer
203929-7-6-9.wav,203929,213.271841,217.271841,2,2,0,jackhammer
203929-7-7-0.wav,203929,300.388222,304.388222,2,2,0,jackhammer
203929-7-7-10.wav,203929,305.388222,309.388222,2,2,0,jackhammer
203929-7-7-12.wav,203929,306.388222,310.388222,2,2,0,jackhammer
203929-7-7-13.wav,203929,306.888222,310.888222,2,2,0,jackhammer
203929-7-7-14.wav,203929,307.388222,311.388222,2,2,0,jackhammer
203929-7-7-15.wav,203929,307.888222,311.888222,2,2,0,jackhammer
203929-7-7-16.wav,203929,308.388222,312.388222,2,2,0,jackhammer
203929-7-7-2.wav,203929,301.388222,305.388222,2,2,0,jackhammer
203929-7-7-3.wav,203929,301.888222,305.888222,2,2,0,jackhammer
203929-7-7-4.wav,203929,302.388222,306.388222,2,2,0,jackhammer
203929-7-7-9.wav,203929,304.888222,308.888222,2,2,0,jackhammer
203929-7-8-0.wav,203929,347.007176,351.007176,2,2,0,jackhammer
203929-7-9-0.wav,203929,355.520203,359.520203,2,2,0,jackhammer
203929-7-9-11.wav,203929,361.020203,365.020203,2,2,0,jackhammer
203929-7-9-12.wav,203929,361.520203,365.520203,2,2,0,jackhammer
203929-7-9-15.wav,203929,363.020203,367.020203,2,2,0,jackhammer
203929-7-9-17.wav,203929,364.020203,368.020203,2,2,0,jackhammer
203929-7-9-18.wav,203929,364.520203,368.520203,2,2,0,jackhammer
203929-7-9-19.wav,203929,365.020203,369.020203,2,2,0,jackhammer
203929-7-9-20.wav,203929,365.520203,369.520203,2,2,0,jackhammer
203929-7-9-24.wav,203929,367.520203,371.520203,2,2,0,jackhammer
203929-7-9-4.wav,203929,357.520203,361.520203,2,2,0,jackhammer
203929-7-9-6.wav,203929,358.520203,362.520203,2,2,0,jackhammer
203929-7-9-8.wav,203929,359.520203,363.520203,2,2,0,jackhammer
203929-7-9-9.wav,203929,360.020203,364.020203,2,2,0,jackhammer
22883-7-1-0.wav,22883,31.211559,32.39831,1,4,0,jackhammer
22883-7-10-0.wav,22883,70.433689,72.747854,1,4,0,jackhammer
22883-7-100-0.wav,22883,543.499251,545.712001,1,4,0,jackhammer
22883-7-11-0.wav,22883,73.697255,75.833408,1,4,0,jackhammer
22883-7-110-1.wav,22883,600.125356,604.125356,1,4,0,jackhammer
22883-7-17-2.wav,22883,96.533479,100.533479,1,4,0,jackhammer
22883-7-17-4.wav,22883,97.533479,101.533479,1,4,0,jackhammer
22883-7-17-5.wav,22883,98.033479,102.033479,1,4,0,jackhammer
22883-7-18-0.wav,22883,114.106137,116.538977,1,4,0,jackhammer
22883-7-19-0.wav,22883,117.19169,120.395919,1,4,0,jackhammer
22883-7-21-0.wav,22883,126.982388,129.949266,1,4,0,jackhammer
22883-7-23-0.wav,22883,134.399584,138.375201,1,4,0,jackhammer
22883-7-24-0.wav,22883,139.087251,143.087251,1,4,0,jackhammer
22883-7-27-0.wav,22883,156.888521,157.837922,1,4,0,jackhammer
22883-7-28-0.wav,22883,159.914737,161.338838,1,4,0,jackhammer
22883-7-29-2.wav,22883,164.23764,168.23764,1,4,0,jackhammer
22883-7-3-0.wav,22883,42.841722,44.443836,1,4,0,jackhammer
22883-7-33-0.wav,22883,192.240134,193.49602,1,4,0,jackhammer
22883-7-34-0.wav,22883,195.409749,196.45632,1,4,0,jackhammer
22883-7-35-2.wav,22883,200.177405,204.177405,1,4,0,jackhammer
22883-7-35-3.wav,22883,200.677405,204.677405,1,4,0,jackhammer
22883-7-36-0.wav,22883,210.570077,214.570077,1,4,0,jackhammer
22883-7-36-1.wav,22883,211.070077,215.070077,1,4,0,jackhammer
22883-7-36-2.wav,22883,211.570077,215.570077,1,4,0,jackhammer
22883-7-37-0.wav,22883,222.889713,225.281875,1,4,0,jackhammer
22883-7-39-0.wav,22883,237.840726,241.840726,1,4,0,jackhammer
22883-7-39-1.wav,22883,238.340726,242.340726,1,4,0,jackhammer
22883-7-40-0.wav,22883,245.704959,246.362804,1,4,0,jackhammer
22883-7-43-2.wav,22883,262.822152,266.822152,1,4,0,jackhammer
22883-7-44-0.wav,22883,272.586882,276.586882,1,4,0,jackhammer
22883-7-47-2.wav,22883,286.355048,290.355048,1,4,0,jackhammer
22883-7-48-0.wav,22883,299.887433,301.352633,1,4,0,jackhammer
22883-7-49-1.wav,22883,302.98891,306.98891,1,4,0,jackhammer
22883-7-49-3.wav,22883,303.98891,307.98891,1,4,0,jackhammer
22883-7-51-0.wav,22883,321.775717,323.360525,1,4,0,jackhammer
22883-7-53-0.wav,22883,329.968873,333.646822,1,4,0,jackhammer
22883-7-54-0.wav,22883,335.112022,338.969383,1,4,0,jackhammer
22883-7-58-0.wav,22883,355.265988,359.265988,1,4,0,jackhammer
22883-7-61-0.wav,22883,367.286603,371.286603,1,4,0,jackhammer
22883-7-61-1.wav,22883,367.786603,371.786603,1,4,0,jackhammer
22883-7-62-0.wav,22883,377.27388,378.679276,2,4,0,jackhammer
22883-7-63-0.wav,22883,380.234181,382.297421,2,4,0,jackhammer
22883-7-64-0.wav,22883,397.308239,398.145495,1,4,0,jackhammer
22883-7-67-0.wav,22883,406.577867,407.50483,1,4,0,jackhammer
22883-7-69-0.wav,22883,411.840624,413.066607,1,4,0,jackhammer
22883-7-7-0.wav,22883,57.676113,61.676113,1,4,0,jackhammer
22883-7-71-0.wav,22883,419.585249,421.140154,1,4,0,jackhammer
22883-7-72-0.wav,22883,422.425942,424.578888,1,4,0,jackhammer
22883-7-74-0.wav,22883,428.286739,430.110763,1,4,0,jackhammer
22883-7-77-0.wav,22883,436.898523,438.244114,1,4,0,jackhammer
22883-7-78-2.wav,22883,440.440195,444.440195,1,4,0,jackhammer
22883-7-81-0.wav,22883,462.07603,463.421621,1,4,0,jackhammer
22883-7-83-0.wav,22883,468.983398,471.584875,1,4,0,jackhammer
22883-7-86-0.wav,22883,477.864301,479.598618,1,4,0,jackhammer
22883-7-87-0.wav,22883,480.704993,483.635392,1,4,0,jackhammer
22883-7-9-0.wav,22883,68.47555,69.306275,1,4,0,jackhammer
22883-7-91-0.wav,22883,495.356987,496.642774,1,4,0,jackhammer
22883-7-92-0.wav,22883,498.347189,500.649645,1,4,0,jackhammer
22883-7-93-0.wav,22883,501.636412,503.789358,1,4,0,jackhammer
22883-7-98-1.wav,22883,522.200673,526.200673,1,4,0,jackhammer
22883-7-99-2.wav,22883,532.119811,536.119811,1,4,0,jackhammer
22883-7-99-3.wav,22883,532.619811,536.619811,1,4,0,jackhammer
24728-7-0-0.wav,24728,1.528214,3.595798,1,8,0,jackhammer
24728-7-1-0.wav,24728,5.483592,7.730966,1,8,0,jackhammer
24728-7-2-0.wav,24728,20.316259,24.316259,1,8,0,jackhammer
24728-7-3-0.wav,24728,26.249326,27.59775,1,8,0,jackhammer
24728-7-4-0.wav,24728,30.384494,31.732918,1,8,0,jackhammer
24728-7-5-0.wav,24728,32.811658,33.620712,1,8,0,jackhammer
30206-7-0-0.wav,30206,0,4,1,6,0,jackhammer
30206-7-0-1.wav,30206,0.5,4.5,1,6,0,jackhammer
30206-7-0-10.wav,30206,5,9,1,6,0,jackhammer
30206-7-0-11.wav,30206,5.5,9.5,1,6,0,jackhammer
30206-7-0-12.wav,30206,6,10,1,6,0,jackhammer
30206-7-0-13.wav,30206,6.5,10.5,1,6,0,jackhammer
30206-7-0-14.wav,30206,7,11,1,6,0,jackhammer
30206-7-0-15.wav,30206,7.5,11.5,1,6,0,jackhammer
30206-7-0-16.wav,30206,8,12,1,6,0,jackhammer
30206-7-0-17.wav,30206,8.5,12.5,1,6,0,jackhammer
30206-7-0-18.wav,30206,9,13,1,6,0,jackhammer
30206-7-0-19.wav,30206,9.5,13.5,1,6,0,jackhammer
30206-7-0-2.wav,30206,1,5,1,6,0,jackhammer
30206-7-0-20.wav,30206,10,14,1,6,0,jackhammer
30206-7-0-21.wav,30206,10.5,14.5,1,6,0,jackhammer
30206-7-0-22.wav,30206,11,15,1,6,0,jackhammer
30206-7-0-23.wav,30206,11.5,15.5,1,6,0,jackhammer
30206-7-0-24.wav,30206,12,16,1,6,0,jackhammer
30206-7-0-25.wav,30206,12.5,16.5,1,6,0,jackhammer
30206-7-0-26.wav,30206,13,17,1,6,0,jackhammer
30206-7-0-27.wav,30206,13.5,17.5,1,6,0,jackhammer
30206-7-0-28.wav,30206,14,18,1,6,0,jackhammer
30206-7-0-29.wav,30206,14.5,18.5,1,6,0,jackhammer
30206-7-0-3.wav,30206,1.5,5.5,1,6,0,jackhammer
30206-7-0-30.wav,30206,15,19,1,6,0,jackhammer
30206-7-0-31.wav,30206,15.5,19.5,1,6,0,jackhammer
30206-7-0-32.wav,30206,16,20,1,6,0,jackhammer
30206-7-0-33.wav,30206,16.5,20.5,1,6,0,jackhammer
30206-7-0-34.wav,30206,17,21,1,6,0,jackhammer
30206-7-0-35.wav,30206,17.5,21.5,1,6,0,jackhammer
30206-7-0-36.wav,30206,18,22,1,6,0,jackhammer
30206-7-0-37.wav,30206,18.5,22.5,1,6,0,jackhammer
30206-7-0-38.wav,30206,19,23,1,6,0,jackhammer
30206-7-0-39.wav,30206,19.5,23.5,1,6,0,jackhammer
30206-7-0-4.wav,30206,2,6,1,6,0,jackhammer
30206-7-0-5.wav,30206,2.5,6.5,1,6,0,jackhammer
30206-7-0-6.wav,30206,3,7,1,6,0,jackhammer
30206-7-0-7.wav,30206,3.5,7.5,1,6,0,jackhammer
30206-7-0-8.wav,30206,4,8,1,6,0,jackhammer
30206-7-0-9.wav,30206,4.5,8.5,1,6,0,jackhammer
31884-7-0-0.wav,31884,0,4,1,3,0,jackhammer
31884-7-0-1.wav,31884,0.5,4.5,1,3,0,jackhammer
31884-7-0-2.wav,31884,1,5,1,3,0,jackhammer
31884-7-0-3.wav,31884,1.5,5.5,1,3,0,jackhammer
31884-7-1-0.wav,31884,12.954032,16.954032,1,3,0,jackhammer
31884-7-1-1.wav,31884,13.454032,17.454032,1,3,0,jackhammer
31884-7-1-2.wav,31884,13.954032,17.954032,1,3,0,jackhammer
31884-7-1-3.wav,31884,14.454032,18.454032,1,3,0,jackhammer
31884-7-1-4.wav,31884,14.954032,18.954032,1,3,0,jackhammer
33340-7-0-0.wav,33340,0,3.546682,1,8,0,jackhammer
33340-7-1-0.wav,33340,4.128105,8.128105,1,8,0,jackhammer
33340-7-10-0.wav,33340,51.86295,52.735085,1,8,0,jackhammer
33340-7-11-0.wav,33340,53.200224,56.339909,1,8,0,jackhammer
33340-7-12-0.wav,33340,56.921332,59.828448,1,8,0,jackhammer
33340-7-13-0.wav,33340,61.805287,65.177542,1,8,0,jackhammer
33340-7-14-0.wav,33340,67.270665,68.840508,1,8,0,jackhammer
33340-7-15-0.wav,33340,69.596358,70.294066,1,8,0,jackhammer
33340-7-16-0.wav,33340,70.64292,72.270905,1,8,0,jackhammer
33340-7-2-0.wav,33340,10.291191,12.965738,1,8,0,jackhammer
33340-7-3-0.wav,33340,13.605303,17.558981,1,8,0,jackhammer
33340-7-4-0.wav,33340,19.477678,23.477678,1,8,0,jackhammer
33340-7-5-0.wav,33340,25.757048,27.501318,1,8,0,jackhammer
33340-7-6-0.wav,33340,29.30373,33.30373,1,8,0,jackhammer
33340-7-7-0.wav,33340,38.606501,42.385752,1,8,0,jackhammer
33340-7-8-0.wav,33340,43.606741,45.932434,1,8,0,jackhammer
33340-7-9-0.wav,33340,48.432553,49.711684,1,8,0,jackhammer
34050-7-0-0.wav,34050,3.131274,6.629274,2,10,0,jackhammer
34050-7-1-0.wav,34050,8.180807,9.563081,2,10,0,jackhammer
34050-7-2-0.wav,34050,11.481339,12.920033,2,10,0,jackhammer
34050-7-3-0.wav,34050,15.035758,16.925807,2,10,0,jackhammer
34050-7-4-0.wav,34050,19.718565,22.342065,2,10,0,jackhammer
34050-7-5-0.wav,34050,24.457791,26.658146,2,10,0,jackhammer
34050-7-6-0.wav,34050,29.309855,33.309855,2,10,0,jackhammer
42097-7-0-0.wav,42097,0,4,1,3,0,jackhammer
42097-7-0-1.wav,42097,0.5,4.5,1,3,0,jackhammer
42097-7-0-2.wav,42097,1,5,1,3,0,jackhammer
54697-7-0-0.wav,54697,0,4,1,6,0,jackhammer
54697-7-0-1.wav,54697,0.5,4.5,1,6,0,jackhammer
54697-7-0-2.wav,54697,1,5,1,6,0,jackhammer
54697-7-0-3.wav,54697,1.5,5.5,1,6,0,jackhammer
54697-7-0-4.wav,54697,2,6,1,6,0,jackhammer
62837-7-0-12.wav,62837,6,10,1,3,0,jackhammer
62837-7-0-15.wav,62837,7.5,11.5,1,3,0,jackhammer
62837-7-0-16.wav,62837,8,12,1,3,0,jackhammer
62837-7-0-17.wav,62837,8.5,12.5,1,3,0,jackhammer
62837-7-0-18.wav,62837,9,13,1,3,0,jackhammer
62837-7-0-2.wav,62837,1,5,1,3,0,jackhammer
62837-7-0-20.wav,62837,10,14,1,3,0,jackhammer
62837-7-0-21.wav,62837,10.5,14.5,1,3,0,jackhammer
62837-7-0-22.wav,62837,11,15,1,3,0,jackhammer
62837-7-0-24.wav,62837,12,16,1,3,0,jackhammer
62837-7-0-27.wav,62837,13.5,17.5,1,3,0,jackhammer
62837-7-0-28.wav,62837,14,18,1,3,0,jackhammer
62837-7-0-3.wav,62837,1.5,5.5,1,3,0,jackhammer
62837-7-0-30.wav,62837,15,19,1,3,0,jackhammer
62837-7-0-31.wav,62837,15.5,19.5,1,3,0,jackhammer
62837-7-0-34.wav,62837,17,21,1,3,0,jackhammer
62837-7-0-37.wav,62837,18.5,22.5,1,3,0,jackhammer
62837-7-0-4.wav,62837,2,6,1,3,0,jackhammer
62837-7-0-7.wav,62837,3.5,7.5,1,3,0,jackhammer
62837-7-0-8.wav,62837,4,8,1,3,0,jackhammer
62837-7-0-9.wav,62837,4.5,8.5,1,3,0,jackhammer
62837-7-1-1.wav,62837,262.206708,266.206708,1,3,0,jackhammer
62837-7-1-11.wav,62837,267.206708,271.206708,1,3,0,jackhammer
62837-7-1-14.wav,62837,268.706708,272.706708,1,3,0,jackhammer
62837-7-1-15.wav,62837,269.206708,273.206708,1,3,0,jackhammer
62837-7-1-18.wav,62837,270.706708,274.706708,1,3,0,jackhammer
62837-7-1-2.wav,62837,262.706708,266.706708,1,3,0,jackhammer
62837-7-1-21.wav,62837,272.206708,276.206708,1,3,0,jackhammer
62837-7-1-22.wav,62837,272.706708,276.706708,1,3,0,jackhammer
62837-7-1-24.wav,62837,273.706708,277.706708,1,3,0,jackhammer
62837-7-1-26.wav,62837,274.706708,278.706708,1,3,0,jackhammer
62837-7-1-27.wav,62837,275.206708,279.206708,1,3,0,jackhammer
62837-7-1-28.wav,62837,275.706708,279.706708,1,3,0,jackhammer
62837-7-1-29.wav,62837,276.206708,280.206708,1,3,0,jackhammer
62837-7-1-3.wav,62837,263.206708,267.206708,1,3,0,jackhammer
62837-7-1-31.wav,62837,277.206708,281.206708,1,3,0,jackhammer
62837-7-1-32.wav,62837,277.706708,281.706708,1,3,0,jackhammer
62837-7-1-33.wav,62837,278.206708,282.206708,1,3,0,jackhammer
62837-7-1-35.wav,62837,279.206708,283.206708,1,3,0,jackhammer
62837-7-1-39.wav,62837,281.206708,285.206708,1,3,0,jackhammer
62837-7-1-4.wav,62837,263.706708,267.706708,1,3,0,jackhammer
62837-7-1-41.wav,62837,282.206708,286.206708,1,3,0,jackhammer
62837-7-1-44.wav,62837,283.706708,287.706708,1,3,0,jackhammer
62837-7-1-45.wav,62837,284.206708,288.206708,1,3,0,jackhammer
62837-7-1-46.wav,62837,284.706708,288.706708,1,3,0,jackhammer
62837-7-1-49.wav,62837,286.206708,290.206708,1,3,0,jackhammer
62837-7-1-5.wav,62837,264.206708,268.206708,1,3,0,jackhammer
62837-7-1-51.wav,62837,287.206708,291.206708,1,3,0,jackhammer
62837-7-1-53.wav,62837,288.206708,292.206708,1,3,0,jackhammer
62837-7-1-54.wav,62837,288.706708,292.706708,1,3,0,jackhammer
62837-7-1-55.wav,62837,289.206708,293.206708,1,3,0,jackhammer
62837-7-1-56.wav,62837,289.706708,293.706708,1,3,0,jackhammer
62837-7-1-6.wav,62837,264.706708,268.706708,1,3,0,jackhammer
62837-7-1-61.wav,62837,292.206708,296.206708,1,3,0,jackhammer
62837-7-1-62.wav,62837,292.706708,296.706708,1,3,0,jackhammer
62837-7-1-63.wav,62837,293.206708,297.206708,1,3,0,jackhammer
62837-7-1-64.wav,62837,293.706708,297.706708,1,3,0,jackhammer
